SYMBOL_SERIES,SYMBOL,NAME_OF_COMPANY,SERIES,DATE_OF_LISTING,PAID_UP_VALUE,ISIN_NUMBER,FACE_VALUE,
SATKARTAR.ST,SATKARTAR,Sat Kartar Shopping Limited,ST,17-Jan-25,10,INE0NB801022,10,
DELTIC.ST,DELTIC,Delta Autocorp Limited,ST,14-Jan-25,10,INE0XRN01019,10,
ANYA.SM,ANYA,Anya Polytech & Fertilizers Limited,SM,02-Jan-25,2,INE0SI601032,2,
NMSTEEL.SM,NMSTEEL,Newmalayalam Steel Limited,SM,27-Dec-24,10,INE0TP801012,10,
IDENTICAL.SM,IDENTICAL,Identical Brains Studios Limited,SM,26-Dec-24,10,INE0TD101011,10,
SFML.SM,SFML,Supreme Facility Management Limited,SM,18-Dec-24,10,INE0U6N01014,10,
PURPLEUTED.SM,PURPLEUTED,Purple United Sales Limited,SM,18-Dec-24,10,INE0P5R01014,10,
DHANLAXMI.ST,DHANLAXMI,Dhanlaxmi Crop Science Limited,ST,16-Dec-24,10,INE0V9V01010,10,
ETML.SM,ETML,Emerald Tyre Manufacturers Limited,SM,12-Dec-24,10,INE0RHD01013,10,
GANESHIN.SM,GANESHIN,Ganesh Infraworld Limited,SM,06-Dec-24,5,INE0TVT01024,5,
AGARWALTUF.SM,AGARWALTUF,Agarwal Toughened Glass India Limited,SM,05-Dec-24,10,INE0P8X01016,10,
APEXECO.SM,APEXECO,Apex Ecotech Limited,SM,04-Dec-24,10,INE0T4V01015,10,
ABHAPOWER.ST,ABHAPOWER,Abha Power and Steel Limited,ST,04-Dec-24,10,INE0UYG01015,10,
RAJPUTANA.SM,RAJPUTANA,Rajputana Biodiesel Limited,SM,03-Dec-24,10,INE0VHU01019,10,
C2C.SM,C2C,C2C Advanced Systems Limited,SM,03-Dec-24,10,INE0U7V01015,10,
LAMOSAIC.ST,LAMOSAIC,Lamosaic India Limited,ST,29-Nov-24,10,INE0R0201012,10,
ONYX.ST,ONYX,Onyx Biotec Limited,ST,22-Nov-24,10,INE0WVU01018,10,
NEELAM.ST,NEELAM,Neelam Linens and Garments (India) Limited,ST,18-Nov-24,10,INE0N1401016,10,
USHAFIN.SM,USHAFIN,Usha Financial Services Limited,SM,31-Oct-24,10,INE0LS001014,10,
UHTL.ST,UHTL,United Heat Transfer Limited,ST,29-Oct-24,10,INE0SMR01011,10,
OBSCP.ST,OBSCP,OBSC Perfection Limited,ST,29-Oct-24,10,INE0YHV01011,10,
DANISH.SM,DANISH,Danish Power Limited,SM,29-Oct-24,10,INE0YU901016,10,
PREMIUM.SM,PREMIUM,Premium Plast Limited,SM,28-Oct-24,10,INE0M1F01011,10,
FRESHARA.ST,FRESHARA,Freshara Agro Exports Limited,ST,24-Oct-24,10,INE0SFW01015,10,
LAKSHYA.SM,LAKSHYA,Lakshya Powertech Limited,SM,23-Oct-24,10,INE0VZS01015,10,
PRANIK.SM,PRANIK,Pranik Logistics Limited,SM,17-Oct-24,10,INE0VJG01014,10,
PARAMOUNT.SM,PARAMOUNT,Paramount Dye Tec Limited,SM,08-Oct-24,10,INE0TG801013,10,
SAJHOTELS.SM,SAJHOTELS,Saj Hotels Limited,SM,07-Oct-24,10,INE00MT01022,10,
HVAX.ST,HVAX,HVAX Technologies Limited,ST,07-Oct-24,10,INE0TO501019,10,
SAHASRA.SM,SAHASRA,Sahasra Electronic Solutions Limited,SM,04-Oct-24,10,INE0RBQ01018,10,
FORGEAUTO.SM,FORGEAUTO,Forge Auto International Limited,SM,04-Oct-24,10,INE0YKW01013,10,
DIVYADHAN.SM,DIVYADHAN,Divyadhan Recycling Industries Limited,SM,04-Oct-24,10,INE0QYI01019,10,
UNILEX.SM,UNILEX,Unilex Colours and Chemicals Limited,SM,03-Oct-24,10,INE0B2801011,10,
THESL.ST,THESL,Thinking Hats Entertainment Solutions Limited,ST,03-Oct-24,10,INE0SHE01019,10,
TECHERA.ST,TECHERA,TechEra Engineering (India) Limited,ST,03-Oct-24,10,INE0JQS01019,10,
WOL3D.SM,WOL3D,Wol 3D India Limited,SM,30-Sep-24,10,INE0OO201011,10,
RAPPID.ST,RAPPID,Rappid Valves (India) Limited,ST,30-Sep-24,10,INE0MVO01012,10,
SDREAMS.SM,SDREAMS,S D Retail Limited,SM,27-Sep-24,10,INE0X6F01017,10,
PHOGLOBAL.ST,PHOGLOBAL,Phoenix Overseas Limited,ST,27-Sep-24,10,INE0FPO01018,10,
BIKEWO.SM,BIKEWO,Bikewo Green Tech Limited,SM,27-Sep-24,10,INE0SQH01013,10,
AVIANSH.ST,AVIANSH,Avi Ansh Textile Limited,ST,27-Sep-24,10,INE0TFB01017,10,
KALANA.SM,KALANA,Kalana Ispat Limited,SM,26-Sep-24,10,INE0T0L01014,10,
PSFL.SM,PSFL,Paramount Speciality Forgings Limited,SM,25-Sep-24,10,INE0Q6001012,10,
PELATRO.ST,PELATRO,Pelatro Limited,ST,24-Sep-24,10,INE0VG601013,10,
OSELDEVICE.ST,OSELDEVICE,Osel Devices Limited,ST,24-Sep-24,10,INE0RMF01018,10,
ENVIRO.SM,ENVIRO,Envirotech Systems Limited,SM,24-Sep-24,10,INE0SUH01015,10,
DECCANTRAN.ST,DECCANTRAN,Deccan Transcon Leasing Limited,ST,24-Sep-24,10,INE0S7C01019,10,
EXCELLENT.SM,EXCELLENT,Excellent Wires and Packaging Limited,SM,19-Sep-24,10,INE0Y4801011,10,
INNOMET.SM,INNOMET,Innomet Advanced Materials Limited,SM,18-Sep-24,10,INE0S1D01010,10,
SPPPOLY.ST,SPPPOLY,SPP Polymer Limited,ST,17-Sep-24,10,INE0QR801013,10,
SHUBHSHREE.ST,SHUBHSHREE,Shubhshree Biofuels Energy Limited,ST,16-Sep-24,10,INE0UL701015,10,
GAJANAND.ST,GAJANAND,Gajanand International Limited,ST,16-Sep-24,10,INE0QTE01018,10,
AUSL.SM,AUSL,Aditya Ultra Steel Limited,SM,16-Sep-24,10,INE01YQ01013,10,
VIESL.SM,VIESL,Vision Infra Equipment Solutions Limited,SM,13-Sep-24,10,INE0TR001017,10,
MYMUDRA.SM,MYMUDRA,My Mudra Fincorp Limited,SM,12-Sep-24,10,INE0RVQ01016,10,
NAMOEWASTE.ST,NAMOEWASTE,Namo eWaste Management Limited,ST,11-Sep-24,10,INE08NZ01012,10,
JEYYAM.SM,JEYYAM,Jeyyam Global Foods Limited,SM,09-Sep-24,5,INE0RXB01022,5,
BOSS.ST,BOSS,Boss Packaging Solutions Limited,ST,06-Sep-24,10,INE0QNI01012,10,
PARAMATRIX.SM,PARAMATRIX,Paramatrix Technologies Limited,SM,04-Sep-24,10,INE0S2W01018,10,
AERON.SM,AERON,Aeron Composite Limited,SM,04-Sep-24,10,INE0WL801011,10,
VDEAL.SM,VDEAL,Vdeal System Limited,SM,03-Sep-24,10,INE0U2M01015,10,
JAYBEE.ST,JAYBEE,Jay Bee Laminations Limited,ST,03-Sep-24,10,INE0SMY01017,10,
IPHL.ST,IPHL,Indian Phosphate Limited,ST,03-Sep-24,10,INE0DHF01018,10,
QVCEL.ST,QVCEL,QVC Exports Limited,ST,28-Aug-24,10,INE0KZF01015,10,
IDEALTECHO.SM,IDEALTECHO,Ideal Technoplast Industries Limited,SM,28-Aug-24,10,INE0T9I01011,10,
FORCAS.ST,FORCAS,Forcas Studio Limited,ST,26-Aug-24,10,INE0U2501017,10,
BRACEPORT.ST,BRACEPORT,Brace Port Logistics Limited,ST,26-Aug-24,10,INE0R4Z01018,10,
BALCO.ST,BALCO,Solve Plastic Products Limited,ST,21-Aug-24,10,INE0U0201016,10,
SUNLITE.SM,SUNLITE,Sunlite Recycling Industries Limited,SM,20-Aug-24,10,INE0U2N01013,10,
POSITRON.ST,POSITRON,Positron Energy Limited,ST,20-Aug-24,10,INE0S3H01017,10,
AESTHETIK.SM,AESTHETIK,Aesthetik Engineers Limited,SM,16-Aug-24,10,INE0TSF01011,10,
PPSL.SM,PPSL,Picturepost Studios Limited,SM,09-Aug-24,1,INE0YAL01017,1,
DHARIWAL.SM,DHARIWAL,Dhariwalcorp Limited,SM,08-Aug-24,10,INE0YRN01017,10,
UTSSAV.ST,UTSSAV,Utssav CZ Gold Jewels Limited,ST,07-Aug-24,10,INE06IJ01010,10,
SSEGL.SM,SSEGL,Sathlokhar Synergys E&C Global Limited,SM,06-Aug-24,10,INE0RFP01011,10,
RAJINDLTD.SM,RAJINDLTD,Rajputana Industries Limited,SM,06-Aug-24,10,INE0PCU01012,10,
BULKCORP.SM,BULKCORP,Bulkcorp International Limited,SM,06-Aug-24,10,INE0SZ301012,10,
ASHALOG.ST,ASHALOG,Ashapura Logistics Limited,ST,06-Aug-24,10,INE0LAA01017,10,
SATECH.ST,SATECH,S A Tech Software India Limited,ST,02-Aug-24,10,INE0BSN01013,10,
ESPRIT.ST,ESPRIT,Esprit Stones Limited,ST,02-Aug-24,10,INE0SBP01018,10,
TROM.SM,TROM,Trom Industries Limited,SM,01-Aug-24,10,INE0SYV01018,10,
APRAMEYA.ST,APRAMEYA,Aprameya Engineering Limited,ST,01-Aug-24,10,INE0LQG01010,10,
MIEL.ST,MIEL,Manglam Infra & Engineering Limited,ST,31-Jul-24,10,INE0R3101011,10,
CHETANA.SM,CHETANA,Chetana Education Limited,SM,31-Jul-24,10,INE0U1T01012,10,
VLINFRA.ST,VLINFRA,V.L.Infraprojects Limited,ST,30-Jul-24,10,INE0QXL01015,10,
RNFI.ST,RNFI,RNFI Services Limited,ST,29-Jul-24,10,INE0SA001017,10,
MACOBSTECH.SM,MACOBSTECH,Macobs Technologies Limited,SM,24-Jul-24,10,INE0R0J01010,10,
KATARIA.ST,KATARIA,Kataria Industries Limited,ST,24-Jul-24,10,INE0SVY01018,10,
TUNWAL.SM,TUNWAL,Tunwal E-Motors Limited,SM,23-Jul-24,2,INE0OXV01027,2,
SATIPOLY.SM,SATIPOLY,Sati Poly Plast Limited,SM,22-Jul-24,10,INE0RPM01017,10,
PRIZOR.ST,PRIZOR,Prizor Viztech Limited,ST,22-Jul-24,10,INE0V9N01017,10,
SAHAJSOLAR.SM,SAHAJSOLAR,Sahaj Solar Limited,SM,19-Jul-24,10,INE0P4701011,10,
GGBL.SM,GGBL,Ganesh Green Bharat Limited,SM,12-Jul-24,10,INE0R8C01018,10,
EFFWA.ST,EFFWA,Effwa Infra & Research Limited,ST,12-Jul-24,10,INE0U9101019,10,
AMBEY.SM,AMBEY,Ambey Laboratories Limited,SM,11-Jul-24,10,INE0M3I01029,10,
NEPHROCARE.SM,NEPHROCARE,Nephro Care India Limited,SM,05-Jul-24,10,INE0SUN01013,10,
DTL.SM,DTL,Diensten Tech Limited,SM,03-Jul-24,10,INE0JRD01019,10,
PCCL.SM,PCCL,Petro Carbon and Chemicals Limited,SM,02-Jul-24,10,INE998U01015,10,
DPEL.ST,DPEL,Divine Power Energy Limited,ST,02-Jul-24,10,INE0SCO01019,10,
AKIKO.SM,AKIKO,Akiko Global Services Limited,SM,02-Jul-24,10,INE0PMR01017,10,
VISAMAN.SM,VISAMAN,Visaman Global Sales Limited,SM,01-Jul-24,10,INE0BHK01012,10,
SYLVANPLY.SM,SYLVANPLY,Sylvan Plyboard (India) Limited,SM,01-Jul-24,10,INE01IH01015,10,
SPCL.ST,SPCL,Shivalic Power Control Limited,ST,01-Jul-24,10,INE0T7B01010,10,
MASON.ST,MASON,Mason Infratech Limited,ST,01-Jul-24,10,INE0SH001010,10,
MEDIORG.ST,MEDIORG,Medicamen Organics Limited,ST,28-Jun-24,10,INE0PE401018,10,
WINNY.ST,WINNY,Winny Immigration & Education Services Limited,ST,27-Jun-24,10,INE0S9101013,10,
FALCONTECH.SM,FALCONTECH,Falcon Technoprojects India Limited,SM,26-Jun-24,10,INE0PQK01013,10,
DURLAX.SM,DURLAX,Durlax Top Surface Limited,SM,26-Jun-24,10,INE0OUW01013,10,
GPECO.ST,GPECO,GP Eco Solutions India Limited,ST,24-Jun-24,10,INE0S7E01015,10,
TBI.SM,TBI,TBI Corn Limited,SM,07-Jun-24,10,INE0N2D01013,10,
AIMTRON.ST,AIMTRON,Aimtron Electronics Limited,ST,06-Jun-24,10,INE0RUV01018,10,
ZTECH.ST,ZTECH,Z-Tech (India) Limited,ST,05-Jun-24,10,INE0ISZ01012,10,
BEACON.SM,BEACON,Beacon Trusteeship Limited,SM,04-Jun-24,10,INE639X01027,10,
VILAS.ST,VILAS,Vilas Transcore Limited,ST,03-Jun-24,10,INE0AZY01017,10,
GSMFOILS.ST,GSMFOILS,GSM Foils Limited,ST,31-May-24,10,INE0SQY01018,10,
RULKA.SM,RULKA,Rulka Electricals Limited,SM,24-May-24,10,INE0R7301013,10,
HOACFOODS.ST,HOACFOODS,Hoac Foods India Limited,ST,24-May-24,10,INE0S6S01017,10,
QUESTLAB.ST,QUESTLAB,Quest Laboratories Limited,ST,23-May-24,10,INE0TNW01017,10,
IEML.SM,IEML,Indian Emulsifiers Limited,SM,22-May-24,10,INE0RRU01016,10,
VERITAAS.SM,VERITAAS,Veritaas Advertising Limited,SM,21-May-24,10,INE0SRI01019,10,
MANDEEP.SM,MANDEEP,Mandeep Auto Industries Limited,SM,21-May-24,10,INE0R3T01013,10,
ABSMARINE.SM,ABSMARINE,ABS Marine Services Limited,SM,21-May-24,10,INE0QRV01016,10,
PRLIND.SM,PRLIND,Premier Roadlines Limited,SM,17-May-24,10,INE0CFG01012,10,
EMMIL.ST,EMMIL,Energy Mission Machineries (India) Limited,ST,16-May-24,10,INE0S1L01013,10,
SILKFLEX.SM,SILKFLEX,Silkflex Polymers (India) Limited,SM,15-May-24,10,INE0STN01015,10,
WINSOL.SM,WINSOL,Winsol Engineers Limited,SM,14-May-24,10,INE0S3D01016,10,
REFRACTORY.ST,REFRACTORY,Refractory Shapes Limited,ST,14-May-24,10,INE0TNX01015,10,
SLONE.ST,SLONE,Slone Infosystems Limited,ST,10-May-24,10,INE0SMA01017,10,
RBS.ST,RBS,Ramdevbaba Solvent Limited,ST,23-Apr-24,10,INE0RJH01010,10,
BIRDYS.SM,BIRDYS,Grill Splendour Services Limited,SM,23-Apr-24,10,INE0PC901019,10,
TGL.ST,TGL,Teerth Gopicon Limited,ST,16-Apr-24,10,INE0K6601012,10,
DCG.SM,DCG,DCG Cables & Wires Limited,SM,16-Apr-24,10,INE0S8401018,10,
DRSCARGO.ST,DRSCARGO,DRS Cargo Movers Limited,ST,10-Apr-24,10,INE0QZM01018,10,
CGRAPHICS.SM,CGRAPHICS,Creative Graphics Solutions India Limited,SM,09-Apr-24,10,INE0R7401011,10,
ALUWIND.SM,ALUWIND,Aluwind Architectural Limited,SM,09-Apr-24,10,INE0STM01017,10,
YASHOPTICS.SM,YASHOPTICS,Yash Optics & Lens Limited,SM,08-Apr-24,10,INE0TO601017,10,
K2INFRA.ST,K2INFRA,K2 Infragen Limited,ST,08-Apr-24,10,INE0DEZ01013,10,
TAC.ST,TAC,TAC Infosec Limited,ST,05-Apr-24,10,INE0SOY01013,10,
RADIOWALLA.SM,RADIOWALLA,Radiowalla Network Limited,SM,05-Apr-24,10,INE430U01019,10,
TRUST.SM,TRUST,Trust Fintech Limited,SM,04-Apr-24,10,INE0SWN01019,10,
BLUEPEBBLE.SM,BLUEPEBBLE,Blue Pebble Limited,SM,03-Apr-24,10,INE0SAK01011,10,
ASPIRE.ST,ASPIRE,Aspire & Innovative Advertising Limited,ST,03-Apr-24,10,INE0S7801010,10,
NAMAN.ST,NAMAN,Naman In-Store (India) Limited,ST,02-Apr-24,10,INE0RJM01010,10,
VISHWAS.SM,VISHWAS,Vishwas Agri Seeds Limited,SM,01-Apr-24,10,INE0S2E01016,10,
ENSER.ST,ENSER,Enser Communications Limited,ST,22-Mar-24,10,INE0R9I01013,10,
ENFUSE.ST,ENFUSE,Enfuse Solutions Limited,ST,22-Mar-24,10,INE0S3X01014,10,
AVPINFRA.ST,AVPINFRA,AVP Infracon Limited,ST,20-Mar-24,10,INE0R9401019,10,
SIGNORIA.ST,SIGNORIA,Signoria Creation Limited,ST,19-Mar-24,10,INE0RDE01010,10,
PRATHAM.ST,PRATHAM,Pratham EPC Projects Limited,ST,18-Mar-24,10,INE0QA601016,10,
SHREEKARNI.SM,SHREEKARNI,Shree Karni Fabcom Limited,SM,14-Mar-24,10,INE0S4Y01010,10,
SONAMAC.ST,SONAMAC,Sona Machinery Limited,ST,13-Mar-24,10,INE0Q6H01012,10,
VR.ST,VR,V R Infraspace Limited,ST,12-Mar-24,10,INE0QQM01017,10,
MVKAGRO.SM,MVKAGRO,M.V.K. Agro Food Product Limited,SM,07-Mar-24,10,INE0SGC01015,10,
PURVFLEXI.SM,PURVFLEXI,Purv Flexipack Limited,SM,05-Mar-24,10,INE0R6C01012,10,
OWAIS.SM,OWAIS,Owais Metal And Mineral Processing Limited,SM,04-Mar-24,10,INE0R8M01017,10,
SADHAV.SM,SADHAV,Sadhav Shipping Limited,SM,01-Mar-24,10,INE0K5H01010,10,
ZENITHDRUG.ST,ZENITHDRUG,Zenith Drugs Limited,ST,27-Feb-24,10,INE0QWN01013,10,
DEEM.SM,DEEM,Deem Roll Tech Limited,SM,27-Feb-24,10,INE586O01011,10,
TCL.SM,TCL,Thaai Casting Limited,SM,23-Feb-24,10,INE0QJL01014,10,
KTL.ST,KTL,Kalahridhaan Trendz Limited,ST,23-Feb-24,10,INE02M801018,10,
INM.SM,INM,Interiors & More Limited,SM,23-Feb-24,10,INE0OPC01015,10,
ESCONET.ST,ESCONET,Esconet Technologies Limited,ST,23-Feb-24,10,INE0RQZ01017,10,
ATMASTCO.ST,ATMASTCO,Atmastco Limited,ST,23-Feb-24,10,INE05DH01017,10,
WTICAB.ST,WTICAB,Wise Travel India Limited,ST,19-Feb-24,10,INE623Y01011,10,
POLYSIL.SM,POLYSIL,Polysil Irrigation Systems Limited,SM,16-Feb-24,10,INE517M01028,10,
ALPEXSOLAR.SM,ALPEXSOLAR,Alpex Solar Limited,SM,15-Feb-24,10,INE0R4701017,10,
ITALIANE.SM,ITALIANE,Italian Edibles Limited,SM,12-Feb-24,10,INE0R7R01018,10,
BAWEJA.SM,BAWEJA,Baweja Studios Limited,SM,06-Feb-24,10,INE0JFJ01011,10,
MEGATHERM.SM,MEGATHERM,Megatherm Induction Limited,SM,05-Feb-24,10,INE531R01010,10,
FONEBOX.SM,FONEBOX,Fonebox Retail Limited,SM,02-Feb-24,10,INE0Q4701019,10,
DHTL.SM,DHTL,Docmode Health Technologies Limited,SM,02-Feb-24,10,INE0OGG01015,10,
DELAPLEX.SM,DELAPLEX,Delaplex Limited,SM,02-Feb-24,10,INE0SK801018,10,
LAWSIKHO.SM,LAWSIKHO,Addictive Learning Technology Limited,SM,30-Jan-24,10,INE0RDH01021,10,
KONSTELEC.ST,KONSTELEC,Konstelec Engineers Limited,ST,30-Jan-24,10,INE0QEI01011,10,
MAXPOSURE.SM,MAXPOSURE,Maxposure Limited,SM,23-Jan-24,10,INE0ECC01022,10,
APS.SM,APS,Australian Premium Solar (India) Limited,SM,18-Jan-24,10,INE0P0001010,10,
IBLFL.ST,IBLFL,IBL Finance Limited,ST,16-Jan-24,10,INE0O7401018,10,
KLL.SM,KLL,Kaushalya Logistics Limited,SM,08-Jan-24,10,INE0Q2V01012,10,
KCEIL.ST,KCEIL,Kay Cee Energy & Infra Limited,ST,05-Jan-24,10,INE0RCG01017,10,
HRHNEXT.ST,HRHNEXT,HRH Next Services Limited,ST,03-Jan-24,10,INE0R3501012,10,
AKANKSHA.ST,AKANKSHA,Akanksha Power and Infrastructure Limited,ST,03-Jan-24,10,INE0PCY01014,10,
SAIFL.SM,SAIFL,Sameera Agro And Infra Limited,SM,01-Jan-24,10,INE0PZA01015,10,
TECHLABS.ST,TECHLABS,Trident Techlabs Limited,ST,29-Dec-23,10,INE0QD201012,10,
SUPREMEPWR.ST,SUPREMEPWR,Supreme Power Equipment Limited,ST,29-Dec-23,10,INE0QHG01026,10,
INDIFRA.SM,INDIFRA,Indifra Limited,SM,29-Dec-23,10,INE0PS301014,10,
EFORCE.SM,EFORCE,Electro Force (India) Limited,SM,27-Dec-23,10,INE0Q1W01012,10,
SHREEOSFM.SM,SHREEOSFM,Shree OSFM E-Mobility Limited,SM,21-Dec-23,10,INE02S501018,10,
SJLOGISTIC.SM,SJLOGISTIC,S J Logistics (India) Limited,SM,19-Dec-23,10,INE0F3301020,10,
PRESSTONIC.ST,PRESSTONIC,Presstonic Engineering Limited,ST,18-Dec-23,10,INE0R1601012,10,
ACCENTMIC.SM,ACCENTMIC,Accent Microcell Limited,SM,15-Dec-23,10,INE0Q5D01013,10,
GRAPHISAD.ST,GRAPHISAD,Graphisads Limited,ST,13-Dec-23,10,INE0POU01017,10,
SHEETAL.SM,SHEETAL,Sheetal Universal Limited,SM,11-Dec-23,10,INE04VX01019,10,
MARINETRAN.ST,MARINETRAN,Marinetrans India Limited,ST,08-Dec-23,10,INE0P1P01017,10,
CBAZAAR.SM,CBAZAAR,Net Avenue Technologies Limited,SM,08-Dec-23,1,INE518X01015,1,
ROCKINGDCE.SM,ROCKINGDCE,Rockingdeals Circular Economy Limited,SM,30-Nov-23,10,INE0PTR01012,10,
SUNREST.SM,SUNREST,Sunrest Lifescience Limited,SM,20-Nov-23,10,INE0PLZ01012,10,
ROXHITECH.SM,ROXHITECH,Rox Hi Tech Limited,SM,16-Nov-23,10,INE0PDJ01013,10,
BABAFP.SM,BABAFP,Baba Food Processing (India) Limited,SM,15-Nov-23,10,INE0QW501012,10,
MICROPRO.SM,MICROPRO,Micropro Software Solutions Limited,SM,10-Nov-23,10,INE0PZK01014,10,
SARTELE.SM,SARTELE,Sar Televenture Limited,SM,08-Nov-23,2,INE0PUC01020,2,
MAITREYA.ST,MAITREYA,Maitreya Medicare Limited,ST,07-Nov-23,10,INE0PLQ01011,10,
TRANSTEEL.ST,TRANSTEEL,Transteel Seating Technologies Limited,ST,06-Nov-23,10,INE0NVI01020,10,
SHANTHALA.ST,SHANTHALA,Shanthala FMCG Products Limited,ST,03-Nov-23,10,INE0Q9Q01017,10,
PARAGON.ST,PARAGON,Paragon Fine and Speciality Chemical Limited,ST,03-Nov-23,10,INE0N4G01012,10,
ONDOOR.ST,ONDOOR,On Door Concepts Limited,ST,01-Nov-23,10,INE00ER01015,10,
RCDL.SM,RCDL,Rajgor Castor Derivatives Limited,SM,31-Oct-23,10,INE0BZQ01011,10,
WOMANCART.ST,WOMANCART,Womancart Limited,ST,27-Oct-23,10,INE0Q9601016,10,
ARVINDPORT.ST,ARVINDPORT,ARVIND PORT AND INFRA LIMITED,ST,25-Oct-23,10,INE0P4T01013,10,
COMMITTED.ST,COMMITTED,Committed Cargo Care Limited,ST,18-Oct-23,10,INE597Z01014,10,
PLADAINFO.SM,PLADAINFO,Plada Infotech Services Limited,SM,13-Oct-23,10,INE0PXD01014,10,
SCML.SM,SCML,Sharp Chucks and Machines Limited,SM,12-Oct-23,10,INE460Q01014,10,
KARNIKA.ST,KARNIKA,Karnika Industries Limited,ST,12-Oct-23,10,INE0MGA01012,10,
OLIL.SM,OLIL,Oneclick Logistics India Limited,SM,11-Oct-23,10,INE0OPS01011,10,
GOYALSALT.SM,GOYALSALT,Goyal Salt Limited,SM,11-Oct-23,10,INE0QFE01017,10,
CANARYS.SM,CANARYS,Canarys Automations Limited,SM,11-Oct-23,2,INE0QG301017,2,
VISHNUINFR.SM,VISHNUINFR,Vishnusurya Projects and Infra Limited,SM,10-Oct-23,10,INE0PQ001012,10,
KONTOR.SM,KONTOR,Kontor Space Limited,SM,10-Oct-23,10,INE0KZ301010,10,
EFACTOR.ST,EFACTOR,E Factor Experiences Limited,ST,09-Oct-23,10,INE0KFF01017,10,
ARABIAN.SM,ARABIAN,Arabian Petroleum Limited,SM,09-Oct-23,10,INE08NJ01024,10,
VINYAS.ST,VINYAS,Vinyas Innovative Technologies Limited,ST,06-Oct-23,10,INE0OLS01010,10,
NEWJAISA.SM,NEWJAISA,Newjaisa Technologies Limited,SM,05-Oct-23,5,INE0PW501021,5,
INSPIRE.SM,INSPIRE,Inspire Films Limited,SM,05-Oct-23,10,INE0NDX01019,10,
MAL.SM,MAL,Mangalam Alloys Limited,SM,04-Oct-23,10,INE00C401011,10,
DIGIKORE.ST,DIGIKORE,Digikore Studios Limited,ST,04-Oct-23,10,INE0QJ901011,10,
SAAKSHI.SM,SAAKSHI,Saakshi Medtech and Panels Limited,SM,03-Oct-23,10,INE0PSK01027,10,
MASTER.SM,MASTER,Master Components Limited,SM,29-Sep-23,10,INE0OJM01017,10,
MARCO.SM,MARCO,Marco Cables & Conductors Limited,SM,28-Sep-23,10,INE0QP001012,10,
HIGREEN.ST,HIGREEN,Hi-Green Carbon Limited,ST,28-Sep-23,10,INE0PIC01017,10,
CELLECOR.SM,CELLECOR,Cellecor Gadgets Limited,SM,28-Sep-23,1,INE0OMO01025,1,
KODYTECH.SM,KODYTECH,Kody Technolab Limited,SM,27-Sep-23,10,INE0Q7P01013,10,
MADHUSUDAN.SM,MADHUSUDAN,Madhusudan Masala Limited,SM,26-Sep-23,10,INE0P6701019,10,
KEL.SM,KEL,Kundan Edifice Limited,SM,26-Sep-23,10,INE0OWX01025,10,
HOLMARC.ST,HOLMARC,Holmarc Opto-Mechatronics Limited,ST,25-Sep-23,10,INE0LXA01019,10,
CHAVDA.SM,CHAVDA,Chavda Infra Limited,SM,25-Sep-23,10,INE0PT101017,10,
UNIHEALTH.SM,UNIHEALTH,Unihealth Hospitals Limited,SM,21-Sep-23,10,INE0PRF01011,10,
JIWANRAM.SM,JIWANRAM,Jiwanram Sheoduttrai Industries Limited,SM,18-Sep-23,10,INE0N5H01017,10,
SAROJA.SM,SAROJA,Saroja Pharma Industries India Limited,SM,13-Sep-23,10,INE0PCL01011,10,
PRAMARA.SM,PRAMARA,Pramara Promotions Limited,SM,13-Sep-23,10,INE0O7A01017,10,
BASILIC.ST,BASILIC,Basilic Fly Studio Limited,ST,11-Sep-23,10,INE0OCC01013,10,
MONOPHARMA.SM,MONOPHARMA,Mono Pharmacare Limited,SM,07-Sep-23,10,INE0OIP01012,10,
CPS.ST,CPS,C P S Shapers Limited,ST,07-Sep-23,10,INE0QBU01012,10,
SAHAJ.SM,SAHAJ,Sahaj Fashions Limited,SM,06-Sep-23,10,INE013901017,10,
SEL.ST,SEL,Sungarner Energies Limited,ST,31-Aug-23,10,INE0O3O01017,10,
CLSL.SM,CLSL,Crop Life Science Limited,SM,30-Aug-23,10,INE00NH01017,10,
SSFL.ST,SSFL,Srivari Spices And Foods Limited,ST,18-Aug-23,10,INE0ON201012,10,
YUDIZ.SM,YUDIZ,Yudiz Solutions Limited,SM,17-Aug-23,10,INE09FA01019,10,
SANGANI.ST,SANGANI,Sangani Hospitals Limited,ST,17-Aug-23,10,INE0OVI01010,10,
VINSYS.SM,VINSYS,Vinsys IT Services India Limited,SM,11-Aug-23,10,INE0OSJ01014,10,
ORIANA.SM,ORIANA,Oriana Power Limited,SM,11-Aug-23,10,INE0OUT01019,10,
ZEAL.SM,ZEAL,Zeal Global Services Limited,SM,09-Aug-23,10,INE0PPS01018,10,
SHRITECH.SM,SHRITECH,Shri Techtex Limited,SM,04-Aug-23,10,INE0OMF01015,10,
YCCL.SM,YCCL,Yasons Chemex Care Limited,SM,03-Aug-23,10,INE08S201019,10,
SERVICE.SM,SERVICE,Service Care Limited,SM,26-Jul-23,10,INE0P1Q01015,10,
DRONE.ST,DRONE,Drone Destination Limited,ST,21-Jul-23,10,INE0P7201019,10,
TRIDHYA.SM,TRIDHYA,Tridhya Tech Limited,SM,13-Jul-23,10,INE0LWY01029,10,
SYNOPTICS.SM,SYNOPTICS,Synoptics Technologies Limited,SM,13-Jul-23,10,INE0BTR01012,10,
GLOBALPET.SM,GLOBALPET,Global Pet Industries Limited,SM,10-Jul-23,10,INE0PS501019,10,
PENTAGON.SM,PENTAGON,Pentagon Rubber Limited,SM,07-Jul-23,10,INE0ORS01017,10,
MAGSON.SM,MAGSON,Magson Retail And Distribution Limited,SM,06-Jul-23,10,INE0O1S01012,10,
GREENCHEF.SM,GREENCHEF,Greenchef Appliances Limited,SM,06-Jul-23,10,INE0O7P01015,10,
ESFL.SM,ESFL,Essen Speciality Films Limited,SM,06-Jul-23,10,INE0ITO01014,10,
VILINBIO.SM,VILINBIO,Vilin Bio Med Limited,SM,30-Jun-23,10,INE0L4V01013,10,
AATMAJ.SM,AATMAJ,Aatmaj Healthcare Limited,SM,30-Jun-23,5,INE0OB201016,5,
CELLPOINT.SM,CELLPOINT,Cell Point (India) Limited,SM,28-Jun-23,10,INE0O0001013,10,
URBAN.ST,URBAN,Urban Enviro Waste Management Limited,ST,22-Jun-23,10,INE0O0201019,10,
SPECTSTM.ST,SPECTSTM,Spectrum Talent Management Limited,ST,22-Jun-23,10,INE0OL001018,10,
KDL.ST,KDL,Kore Digital Limited,ST,14-Jun-23,10,INE0O4R01018,10,
SAHANA.ST,SAHANA,Sahana System Limited,ST,12-Jun-23,10,INE0LEX01011,10,
INFOLLION.ST,INFOLLION,Infollion Research Services Limited,ST,08-Jun-23,10,INE0NNZ01013,10,
PROV.SM,PROV,Proventus Agrocom Limited,SM,05-Jun-23,10,INE0ONE01016,10,
DENTALKART.SM,DENTALKART,Vasa Denticity Limited,SM,02-Jun-23,10,INE0N5801013,10,
CRAYONS.SM,CRAYONS,Crayons Advertising Limited,SM,02-Jun-23,10,INE0OFK01019,10,
REMUS.SM,REMUS,Remus Pharmaceuticals Limited,SM,29-May-23,10,INE0O5T01011,10,
KRISHCA.SM,KRISHCA,Krishca Strapping Solutions Limited,SM,26-May-23,10,INE0NR701018,10,
AUROIMPEX.SM,AUROIMPEX,Auro Impex  & Chemicals Limited,SM,23-May-23,10,INE0NUL01018,10,
DENEERS.ST,DENEERS,De Neers Tools Limited,ST,11-May-23,10,INE0JWV01011,10,
QUICKTOUCH.ST,QUICKTOUCH,Quicktouch Technologies Limited,ST,02-May-23,10,INE0K4D01020,10,
AGUL.SM,AGUL,A G Universal Limited,SM,24-Apr-23,10,INE0O6N01012,10,
PATTECH.SM,PATTECH,Pattech Fitwell Tube Components Limited,SM,21-Apr-23,10,INE0NZW01014,10,
MOS.ST,MOS,Mos Utility Limited,ST,18-Apr-23,10,INE0N7S01010,10,
INFINIUM.SM,INFINIUM,Infinium Pharmachem Limited,SM,17-Apr-23,10,INE0MRE01011,10,
SOTAC.SM,SOTAC,Sotac Pharmaceuticals Limited,SM,13-Apr-23,10,INE0O2D01012,10,
NIRMAN.SM,NIRMAN,Nirman Agri Genetics Limited,SM,28-Mar-23,10,INE0OK701014,10,
QFIL.SM,QFIL,Quality Foils (India) Limited,SM,24-Mar-23,10,INE0O1M01015,10,
VELS.SM,VELS,Vels Film International Limited,SM,22-Mar-23,10,INE0I3H01019,10,
MCON.ST,MCON,Mcon Rasayan India Limited,ST,20-Mar-23,10,INE0O4M01019,10,
VERTEXPLUS.SM,VERTEXPLUS,Vertexplus Technologies Limited,SM,15-Mar-23,10,INE0NLB01018,10,
SYSTANGO.SM,SYSTANGO,Systango Technologies Limited,SM,15-Mar-23,10,INE0O7R01011,10,
SRIVASAVI.SM,SRIVASAVI,Srivasavi Adhesive Tapes Limited,SM,09-Mar-23,10,INE0NPI01014,10,
VIAZ.SM,VIAZ,Viaz Tyres Limited,SM,01-Mar-23,10,INE0MO401019,10,
AGARWALFT.SM,AGARWALFT,Agarwal Float Glass India Limited,SM,23-Feb-23,10,INE0MLA01012,10,
LRRPL.ST,LRRPL,Lead Reclaim And Rubber Products Limited,ST,21-Feb-23,10,INE0H4B01011,10,
SHERA.SM,SHERA,Shera Energy Limited,SM,17-Feb-23,10,INE0MM001019,10,
GRCL.SM,GRCL,Gayatri Rubbers And Chemicals Limited,SM,07-Feb-23,10,INE0LVM01018,10,
ARISTO.ST,ARISTO,Aristo Bio-Tech And Lifescience Limited,ST,30-Jan-23,10,INE082101010,10,
DUCOL.SM,DUCOL,Ducol Organics And Colours Limited,SM,19-Jan-23,10,INE0LZO01015,10,
CMNL.ST,CMNL,Chaman Metallics Limited,ST,16-Jan-23,10,INE06PV01010,10,
ANLON.SM,ANLON,Anlon Technology Solutions Limited,SM,10-Jan-23,10,INE0LR101013,10,
RBMINFRA.SM,RBMINFRA,Rbm Infracon Limited,SM,04-Jan-23,10,INE0NA301016,10,
HOMESFY.SM,HOMESFY,Homesfy Realty Limited,SM,02-Jan-23,10,INE0N7F01017,10,
MOXSH.SM,MOXSH,Moxsh Overseas Educon Limited,SM,30-Dec-22,10,INE0N6D01014,10,
UMA.SM,UMA,Uma Converter Limited,SM,29-Dec-22,10,INE067901012,10,
ARIHANTACA.ST,ARIHANTACA,Arihant Academy Limited,ST,29-Dec-22,10,INE0NCC01015,10,
DOLLEX.SM,DOLLEX,Dollex Agrotech Limited,SM,28-Dec-22,10,INE0JHH01011,10,
ALLETEC.ST,ALLETEC,All E Technologies Limited,ST,21-Dec-22,10,INE0M2X01012,10,
ARHAM.SM,ARHAM,Arham Technologies Limited,SM,15-Dec-22,10,INE0L2Y01011,10,
PRITIKA.ST,PRITIKA,Pritika Engineering Components Limited,ST,08-Dec-22,10,INE0MJQ01012,10,
BAHETI.ST,BAHETI,Baheti Recycling Industries Limited,ST,08-Dec-22,10,INE029Q01017,10,
AMIABLE.SM,AMIABLE,Amiable Logistics (India) Limited,SM,16-Nov-22,10,INE0MTP01013,10,
VITAL.SM,VITAL,Vital Chemtech Limited,SM,14-Nov-22,10,INE0L4K01016,10,
RITEZONE.SM,RITEZONE,Rite Zone Chemcon India Limited,SM,11-Nov-22,10,INE0MRA01019,10,
IPSL.ST,IPSL,Integrated Personnel Services Limited,ST,11-Nov-22,10,INE02EE01019,10,
PHANTOMFX.ST,PHANTOMFX,Phantom Digital Effects Limited,ST,21-Oct-22,10,INE0MLZ01019,10,
FROG.SM,FROG,Frog Cellsat Limited,SM,13-Oct-22,10,INE385O01018,10,
SWASTIK.SM,SWASTIK,Swastik Pipe Limited,SM,12-Oct-22,10,INE0DGC01025,10,
QMSMEDI.SM,QMSMEDI,QMS Medical Allied Services Limited,SM,11-Oct-22,10,INE0FMW01018,10,
LLOYDS.SM,LLOYDS,Lloyds Luxuries Limited,SM,11-Oct-22,10,INE0DTQ01028,10,
CMRSL.SM,CMRSL,Cyber Media Research & Services Limited,SM,10-Oct-22,10,INE075Z01011,10,
MAKS.SM,MAKS,Maks Energy Solutions India Limited,SM,28-Sep-22,10,INE0CDK01019,10,
KANDARP.ST,KANDARP,Kandarp Digi Smart BPO Limited,ST,28-Sep-22,10,INE0MOT01016,10,
CLOUD.SZ,CLOUD,Varanium Cloud Limited,SZ,27-Sep-22,5,INE0JOO01021,5,
ANNAPURNA.SM,ANNAPURNA,Annapurna Swadisht Limited,SM,27-Sep-22,10,INE0MGM01017,10,
TAPIFRUIT.SM,TAPIFRUIT,Tapi Fruit Processing Limited,SM,22-Sep-22,10,INE0M7001010,10,
ISHAN.SM,ISHAN,Ishan International Limited,SM,22-Sep-22,1,INE0LCW01025,1,
SABAR.ST,SABAR,Sabar Flex India Limited,ST,21-Sep-22,10,INE0DZ101013,10,
MEGAFLEX.SM,MEGAFLEX,Mega Flex Plastics Limited,SM,19-Sep-22,10,INE0G1D01014,10,
VIVIANA.ST,VIVIANA,Viviana Power Tech Limited,ST,16-Sep-22,10,INE0MEG01014,10,
KORE.ST,KORE,Jay Jalaram Technologies Limited,ST,08-Sep-22,10,INE0J6801010,10,
JFLLIFE.ST,JFLLIFE,Jfl Life Sciences Limited,ST,08-Sep-22,10,INE0LA901015,10,
AMEYA.ST,AMEYA,Ameya Precision Engineers Limited,ST,08-Sep-22,10,INE0KT901015,10,
VEEKAYEM.ST,VEEKAYEM,Veekayem Fashion and Apparels Limited,ST,22-Aug-22,10,INE0KTW01013,10,
USASEEDS.SM,USASEEDS,Upsurge Seeds Of Agriculture Limited,SM,11-Aug-22,10,INE0CBM01019,10,
AGNI.SM,AGNI,Agni Green Power Limited,SM,01-Aug-22,10,INE0LF301013,10,
SKP.SM,SKP,SKP Bearing Industries Limited,SM,13-Jul-22,10,INE0KZA01016,10,
MWL.SM,MWL,Mangalam Worldwide Limited,SM,11-Jul-22,10,INE0JYY01011,10,
KCK.ST,KCK,Kck Industries Limited,ST,08-Jul-22,2,INE0J1E01027,2,
RILINFRA.SM,RILINFRA,Rachana Infrastructure Limited,SM,10-Jun-22,10,INE02OY01016,10,
FIDEL.ST,FIDEL,Fidel Softech Limited,ST,10-Jun-22,10,INE0LQQ01019,10,
GSTL.ST,GSTL,Globesecure Technologies Limited,ST,02-Jun-22,10,INE00WS01056,10,
SONUINFRA.ST,SONUINFRA,Sonu Infratech Limited,ST,13-May-22,10,INE0JZA01018,10,
LEMERITE.ST,LEMERITE,Le Merite Exports Limited,ST,09-May-22,10,INE0G1L01017,10,
JSLL.SM,JSLL,Jeena Sikho Lifecare Limited,SM,19-Apr-22,10,INE0J5801011,10,
KRISHNADEF.SM,KRISHNADEF,Krishna Defence and Allied Industries Limited,SM,06-Apr-22,10,INE0J5601015,10,
PROPEQUITY.SM,PROPEQUITY,P. E. Analytics Limited,SM,04-Apr-22,10,INE0KN801013,10,
KRISHIVAL.SM,KRISHIVAL,Krishival Foods Limited,SM,31-Mar-22,10,INE0GGO01015,10,
SWARAJ.ST,SWARAJ,Swaraj Suiting Limited,ST,28-Mar-22,10,INE0GMR01016,10,
KNAGRI.ST,KNAGRI,KN Agri Resources Limited,ST,28-Mar-22,10,INE0KNW01016,10,
COOLCAPS.ST,COOLCAPS,Cool Caps Industries Limited,ST,24-Mar-22,10,INE0HS001010,10,
SPRL.ST,SPRL,Sp Refractories Limited,ST,22-Mar-22,10,INE0JW501011,10,
SHIGAN.SM,SHIGAN,Shigan Quantum Technologies Limited,SM,11-Mar-22,10,INE03KJ01013,10,
MADHAVBAUG.SM,MADHAVBAUG,Vaidya Sane Ayurved Laboratories Limited,SM,23-Feb-22,10,INE0JR301013,10,
RICHA.SM,RICHA,Richa Info Systems Limited,SM,21-Feb-22,10,INE0J1P01015,10,
PRECISION.ST,PRECISION,Precision Metaliks Limited,ST,01-Feb-22,10,INE0HKW01018,10,
TIMESCAN.SM,TIMESCAN,Timescan Logistics (India) Limited,SM,12-Jan-22,10,INE0IJY01014,10,
ABCOTS.ST,ABCOTS,A B Cotspin India Limited,ST,11-Jan-22,10,INE08PH01015,10,
VIVO.SM,VIVO,Vivo Collaboration Solutions Limited,SM,31-Dec-21,10,INE0IA701014,10,
FOCE.ST,FOCE,Foce India Limited,ST,28-Dec-21,10,INE0I7D01019,10,
EUROBOND.SM,EUROBOND,Euro Panel Products Limited,SM,24-Dec-21,10,INE505V01016,10,
NIDAN.SM,NIDAN,Nidan Laboratories and Healthcare Limited,SM,12-Nov-21,10,INE0J6L01013,10,
KOTYARK.SM,KOTYARK,Kotyark Industries Limited,SM,02-Nov-21,10,INE0J0B01017,10,
DKEGL.SM,DKEGL,D.K. Enterprises Global Limited,SM,22-Oct-21,10,INE0GN101014,10,
DYNAMIC.ST,DYNAMIC,Dynamic Services & Security Limited,ST,13-Oct-21,10,INE0DZ701010,10,
DESTINY.ST,DESTINY,Destiny Logistics & Infra Limited,ST,13-Oct-21,10,INE0IGO01011,10,
BMETRICS.SM,BMETRICS,Bombay Metrics Supply Chain Limited,SM,12-Oct-21,10,INE0I3Y01014,10,
JAINAM.ST,JAINAM,Jainam Ferro Alloys (I) Limited,ST,08-Oct-21,10,INE02KC01010,10,
QUADPRO.SM,QUADPRO,Quadpro Ites Limited,SM,30-Sep-21,2,INE0GOJ01027,2,
BEWLTD.ST,BEWLTD,BEW Engineering Limited,ST,16-Sep-21,10,INE0HQI01014,10,
DUGLOBAL.SM,DUGLOBAL,DUDIGITAL GLOBAL LIMITED,SM,26-Aug-21,2,INE0HPK01020,2,
REXPIPES.SM,REXPIPES,Rex Pipes And Cables Industries Limited,SM,10-Aug-21,10,INE00D001018,10,
NPST.SM,NPST,Network People Services Technologies Limited,SM,10-Aug-21,10,INE0FFK01017,10,
WALPAR.SM,WALPAR,Walpar Nutritions Limited,SM,13-Jul-21,10,INE0G2G01015,10,
AILIMITED.ST,AILIMITED,Abhishek Integrations Limited,ST,21-Jun-21,10,INE0CAJ01017,10,
VMARCIND.ST,VMARCIND,V Marc India Limited,ST,09-Apr-21,10,INE0GXK01018,10,
SIDDHIKA.ST,SIDDHIKA,Siddhika Coatings Limited,ST,07-Apr-21,10,INE0A1E01018,10,
PARTYCRUS.SM,PARTYCRUS,Party Cruisers Limited,SM,05-Mar-21,10,INE06ZX01015,10,
ASCOM.ST,ASCOM,Ascom Leasing & Investments Limited,ST,06-Dec-19,10,INE08KD01015,10,
GOLDKART.ST,GOLDKART,Goldkart Jewels Limited,ST,15-Oct-19,10,INE06MH01016,10,
SHIVAUM.ST,SHIVAUM,Shiv Aum Steels Limited,ST,01-Oct-19,10,INE719F01016,10,
SECL.ST,SECL,Salasar Exteriors and Contour Limited,ST,12-Sep-19,1,INE00Y701026,1,
KHFM.SM,KHFM,Khfm Hospitality And Facility Management Services Limited,SM,12-Apr-19,10,INE00UG01014,10,
MINDPOOL.SM,MINDPOOL,Mindpool Technologies Limited,SM,28-Feb-19,10,INE00RQ01019,10,
SURANI.ST,SURANI,Surani Steel Tubes Limited,ST,06-Feb-19,10,INE01ZJ01015,10,
DRSDILIP.SM,DRSDILIP,DRS Dilip Roadlines Limited,SM,10-Dec-18,10,INE02CV01017,10,
SHUBHLAXMI.ST,SHUBHLAXMI,Shubhlaxmi Jewel Art Limited,ST,04-Dec-18,10,INE01Z401013,10,
UWCSL.ST,UWCSL,Ultra Wiring Connectivity System Limited,ST,26-Oct-18,10,INE00F301010,10,
PARIN.ST,PARIN,Parin Enterprises Limited,ST,09-Oct-18,10,INE00U801010,10,
SPECTRUM.SM,SPECTRUM,Spectrum Electrical Industries Limited,SM,01-Oct-18,10,INE01EO01010,10,
UCL.SM,UCL,Ushanti Colour Chem Limited,SM,02-Aug-18,10,INE00NI01015,10,
AMBANIORGO.ST,AMBANIORGO,AMBANI ORGOCHEM LIMITED,ST,18-Jul-18,10,INE00C501018,10,
JAKHARIA.ST,JAKHARIA,JAKHARIA FABRIC LIMITED,ST,11-Jul-18,10,INE00N401018,10,
MAHICKRA.SM,MAHICKRA,Mahickra Chemicals Limited,SM,26-Apr-18,10,INE961Y01015,10,
VERA.ST,VERA,Vera Synthetic Limited,ST,12-Apr-18,10,INE709Z01015,10,
CONTI.ST,CONTI,Continental Seeds and Chemicals Limited,ST,04-Apr-18,10,INE340Z01019,10,
GIRIRAJ.ST,GIRIRAJ,Giriraj Civil Developers Limited,ST,02-Apr-18,10,INE614Z01017,10,
MDL.SM,MDL,Marvel Decor Limited,SM,23-Mar-18,10,INE575Z01010,10,
MHHL.SM,MHHL,Mohini Health & Hygiene Limited,SM,16-Feb-18,10,INE450S01011,10,
AMJUMBO.ST,AMJUMBO,A and M Jumbo Bags Limited,ST,12-Feb-18,10,INE749Y01014,10,
VASA.ST,VASA,Vasa Retail and Overseas Ltd,ST,06-Feb-18,10,INE068Z01016,10,
SOLEX.SM,SOLEX,Solex Energy Limited,SM,05-Feb-18,10,INE880Y01017,10,
SMVD.SM,SMVD,SMVD Poly Pack Limited,SM,26-Dec-17,10,INE702Y01013,10,
FELIX.ST,FELIX,Felix Industries Limited,ST,05-Dec-17,10,INE901X01013,10,
PULZ.ST,PULZ,Pulz Electronics Limited,ST,24-Nov-17,10,INE335X01014,10,
AISL.SM,AISL,ANI Integrated Services Limited,SM,20-Nov-17,10,INE635Y01015,10,
MILTON.SM,MILTON,Milton Industries Limited,SM,16-Oct-17,10,INE376Y01016,10,
OMFURN.ST,OMFURN,Omfurn India Limited,ST,13-Oct-17,10,INE338Y01016,10,
CMMIPL.SZ,CMMIPL,CMM Infraprojects Limited,SZ,12-Oct-17,10,INE289S01013,10,
BETA.SM,BETA,Beta Drugs Limited,SM,12-Oct-17,10,INE351Y01019,10,
GOLDSTAR.SM,GOLDSTAR,Goldstar Power Limited,SM,10-Oct-17,1,INE405Y01021,1,
TIRUPATI.SM,TIRUPATI,Shree Tirupati Balajee FIBC Limited,SM,05-Oct-17,10,INE238Y01018,10,
RMDRIP.ST,RMDRIP,R M Drip and Sprinklers Systems Limited,ST,04-Oct-17,10,INE219Y01018,10,
CADSYS.ST,CADSYS,Cadsys (India) Limited,ST,04-Oct-17,10,INE090Y01013,10,
MPTODAY.SM,MPTODAY,Madhya Pradesh Today Media Limited,SM,29-Sep-17,10,INE105Y01019,10,
MANAV.SM,MANAV,Manav Infra Projects Limited,SM,18-Sep-17,10,INE104Y01012,10,
PASHUPATI.ST,PASHUPATI,Pashupati Cotspin Limited,ST,08-Sep-17,10,INE124Y01010,10,
TRANSWIND.SM,TRANSWIND,Transwind Infrastructures Limited,SM,12-Jul-17,10,INE792X01016,10,
ACCORD.SM,ACCORD,Accord Synergy Limited,SM,06-Jul-17,10,INE113X01015,10,
VSCL.ST,VSCL,Vadivarhe Speciality Chemicals Limited,ST,02-Jun-17,10,INE551Q01028,10,
JALAN.ST,JALAN,Jalan Transolutions (India) Limited,ST,31-May-17,10,INE349X01015,10,
ASLIND.SM,ASLIND,ASL Industries Limited,SM,18-Apr-17,10,INE617I01024,10,
PROLIFE.SM,PROLIFE,Prolife Industries Limited,SM,09-Jan-17,10,INE994V01012,10,
GICL.ST,GICL,Globe International Carriers Limited,ST,19-Oct-16,10,INE947T01014,10,
DRL.SM,DRL,Dhanuka Realty Limited,SM,18-Oct-16,10,INE704V01015,10,
AURDIS.ST,AURDIS,Aurangabad Distillery Limited,ST,17-Oct-16,10,INE448V01019,10,
GRETEX.ST,GRETEX,Gretex Industries Limited,ST,14-Oct-16,10,INE985P01012,10,
JETKNIT.ST,JETKNIT,Jet Knitwears Limited,ST,07-Oct-16,10,INE564T01017,10,
AVSL.ST,AVSL,AVSL Industries Limited,ST,06-Oct-16,10,INE522V01011,10,
KKVAPOW.SM,KKVAPOW,KKV Agro Powers Limited,SM,15-Jul-16,10,INE239T01016,10,
PERFECT.ST,PERFECT,Perfect Infraengineers Limited,ST,20-Nov-15,10,INE925S01012,10,
AHIMSA.ST,AHIMSA,Ahimsa Industries Limited,ST,15-Oct-15,10,INE136T01014,10,
SHAIVAL.ST,SHAIVAL,Shaival Reality Limited,ST,01-Oct-15,10,INE262S01010,10,
EMKAYTOOLS.SM,EMKAYTOOLS,Emkay Taps and Cutting Tools Limited,SM,13-Aug-15,10,INE332S01011,10,
